Name,Given Name,Additional Name,Family Name,Yomi Name,Given Name Yomi,Additional Name Yomi,Family Name Yomi,Name Prefix,Name Suffix,Initials,Nickname,Short Name,Maiden Name,Birthday,Gender,Location,Billing Information,Directory Server,Mileage,Occupation,Hobby,Sensitivity,Priority,Subject,Notes,Group Membership,E-mail 1 - Type,E-mail 1 - Value,Team
"Gentium SpA Piazza XX Settembere, 2 Villa Guardia ",,,,,,,,,,,,,,,,,,,,,,,,,,* My Contacts ::: Centri Italiani,* Work,"miacobelli@gentium.it",Work,"+39031385217",Work Fax,"+39031385241",Work,"Gentium SpA Piazza XX Settembere, 2 Villa Guardia (CO) 22079","Gentium SpA Piazza XX Settembere, 2 Villa Guardia ",,,,,,,Profile,"http://www2.clinicalresearch.nl/members/cic.asp?cic=19&team=1",team,"Iacobelli, Massimo-Hoyle, Margaret-Echart, Cinara-Islam, Khalid"
"Novartis Farma SpA L.go U. Boccioni 1 Origgio I-21",,,,,,,,,,,,,,,,,,,,,,,,,,* My Contacts ::: Centri Italiani,* Work,"elke.engstroem@novartis.com",Work,"",Work Fax,"undefined",Work,"Novartis Farma SpA L.go U. Boccioni 1 Origgio I-21040","Novartis Farma SpA L.go U. Boccioni 1 Origgio I-21",,,,,,,Profile,"http://www2.clinicalresearch.nl/members/cic.asp?cic=21&team=1",team,"Engstroem, Elke-Tanguler, Duygu-D´Enrico, Federica-Fincato, Gianluca-Swan, Craig"
"HSS. Antonioe Biagio Haematology Department Via Ve",,,,,,,,,,,,,,,,,,,,,,,,,,* My Contacts ::: Centri Italiani,* Work,"alevis@ospedale.al.it",Work,"39-(0)131-206-156/817",Work Fax,"39-(0)131-261-029",Work,"HSS. Antonioe Biagio Haematology Department Via Venezia 16 15121 Alessandria","HSS. Antonioe Biagio Haematology Department Via Ve",,,,,,,Profile,"http://www2.clinicalresearch.nl/members/cic.asp?cic=825&team=1",team,"Levis, Alessandro-Corsetti, MariaTeresa-Pini, Massimo-Salvi, Flavia-Pesce, Annarita-Tamiazzo, Stefania"
"Azienda Ospedali Riuniti di Ancona Departmentof He",,,,,,,,,,,,,,,,,,,,,,,,,,* My Contacts ::: Centri Italiani,* Work,"a.olivieri@univpm.it",Work,"39-071-596-4235",Work Fax,"39-071-218-3448",Work,"Azienda Ospedali Riuniti di Ancona Departmentof Hematology Ancona University Via Conca, 1 60020 Ancona","Azienda Ospedali Riuniti di Ancona Departmentof He",,,,,,,Profile,"http://www2.clinicalresearch.nl/members/cic.asp?cic=788&team=1",team,"Olivieri, Attilio-Leoni, Pietro-Scortechini, Ilaria-Montanari, Mauro-Montevecchi, Claudia-Barzetti, Lorella-Mancini, Giorgia"
"Mazzoni Hospital Haematology Service Via Degli Iri",,,,,,,,,,,,,,,,,,,,,,,,,,* My Contacts ::: Centri Italiani,* Work,"ematologia@asl13.marche.it",Work,"",Work Fax,"undefined",Work,"Mazzoni Hospital Haematology Service Via Degli Iris 6 63100 Ascoli Piceno","Mazzoni Hospital Haematology Service Via Degli Iri",,,,,,,Profile,"http://www2.clinicalresearch.nl/members/cic.asp?cic=119&team=1",team,"Galieni, Piero-Bigazzi, Catia-Falcioni, Sadia-diBuo, MariaRita"
"A.O.R.N.SAN. GMOSCATI Ematologia 83100 Avellino",,,,,,,,,,,,,,,,,,,,,,,,,,* My Contacts ::: Centri Italiani,* Work,"n.cantore@virgilio.it",Work,"39-0825-203-235",Work Fax,"39-0825-203-235",Work,"A.O.R.N.SAN. GMOSCATI Ematologia 83100 Avellino","A.O.R.N.SAN. GMOSCATI Ematologia 83100 Avellino",,,,,,,Profile,"http://www2.clinicalresearch.nl/members/cic.asp?cic=789&team=1",team,"Storti, Gabriella-Cantore, Nicola-Volpe, Silvestro-Egidio, Fina"
"Centrodi Riferimento Oncologico C. R. O. IRCCS Avi",,,,,,,,,,,,,,,,,,,,,,,,,,* My Contacts ::: Centri Italiani,* Work,"altedosi@cro.it",Work,"39-04-34-659-020",Work Fax,"39-04-34-659-531or200",Work,"Centrodi Riferimento Oncologico C. R. O. IRCCS Aviano Via Franco Gallininº2 33081 Aviano","Centrodi Riferimento Oncologico C. R. O. IRCCS Avi",,,,,,,Profile,"http://www2.clinicalresearch.nl/members/cic.asp?cic=162&team=1",team,"Michieli, Mariagrazia-Rupolo, Maurizio-Lleshi, Arben-Mazzucato, Mario-Abbruzzese, Luciano-Sartor, Ivana-Durante, Cristina-Sartor, Ivana-Zanet, Ernesto"
"Università degli Studi di Bari Cattedrae Serviziod",,,,,,,,,,,,,,,,,,,,,,,,,,* My Contacts ::: Centri Italiani,* Work,"ematba@cimedoc.uniba.it",Work,"+390805478711",Work Fax,"+390805428978",Work,"Università degli Studi di Bari Cattedrae Serviziodi Ematologia Azienda Policlinico Bari Piazza G. Cesare 11 70124 Bari","Università degli Studi di Bari Cattedrae Serviziod",,,,,,,Profile,"http://www2.clinicalresearch.nl/members/cic.asp?cic=649&team=1",team,"Liso, Vincenzo-Specchia, Giorgina-Vito, Pedone-Domenico, Pastore"
"Ospedali Riuniti di Bergamo Divisione di Ematologi",,,,,,,,,,,,,,,,,,,,,,,,,,* My Contacts ::: Centri Italiani,* Work,"arambaldi@ospedaliriuniti.bergamo.it",Work,"39-035-269-492/035266148",Work Fax,"39-035-266-147",Work,"Ospedali Riuniti di Bergamo Divisione di Ematologia Largo Barozzi, 1 24128 Bergamo","Ospedali Riuniti di Bergamo Divisione di Ematologi",,,,,,,Profile,"http://www2.clinicalresearch.nl/members/cic.asp?cic=658&team=1",team,"Rambaldi, Alessandro-Grassi, Anna-Algarotti, Alessandra-Micò, Caterina-Trunfio, Angela-Oldani, Elena"
"Bologna University, S. Orsola- Malpighi Hospital I",,,,,,,,,,,,,,,,,,,,,,,,,,* My Contacts ::: Centri Italiani,* Work,"giuseppe.bandini@unibo.it",Work,"39-051-6363833/3680/3799",Work Fax,"39-051-6364037",Work,"Bologna University, S. Orsola- Malpighi Hospital Institute of Hematology Medical Oncology A Seràgnoli Via Massarenti 9 40138 Bologna","Bologna University, S. Orsola- Malpighi Hospital I",,,,,,,Profile,"http://www2.clinicalresearch.nl/members/cic.asp?cic=240&team=1",team,"Bandini, Giuseppe-Bonifazi, Francesca-Cavo, Michele-Motta, Mariarosa-Rizzi, Simonetta-Gori, Erika-Bertoni, Rita"
"Istituto Ortopedico Rizzoli Departmentof Muscolo- ",,,,,,,,,,,,,,,,,,,,,,,,,,* My Contacts ::: Centri Italiani,* Work,"massimo.abate@ior.it",Work,"+93-051-636-6990",Work Fax,"undefined",Work,"Istituto Ortopedico Rizzoli Departmentof Muscolo- Skeletal Oncology Via Pupilli 1 40136 Bologna","Istituto Ortopedico Rizzoli Departmentof Muscolo- ",,,,,,,Profile,"http://www2.clinicalresearch.nl/members/cic.asp?cic=453&team=1",team,"Abate, Massimo-Cesari, Marilena-Palmerini, Emanuela-Boschi, Rita-Marchesi, Emanuela"
"Azienda Ospedaliero Universitaria Policlinico S. O",,,,,,,,,,,,,,,,,,,,,,,,,,* My Contacts ::: Centri Italiani,* Work,"tmoped@aosp.it",Work,"39-051-636-4664",Work Fax,"39-051-346-4664",Work,"Azienda Ospedaliero Universitaria Policlinico S. Orsola- Malpighi Bologna Via Albertoni 15 40138 Bologna","Azienda Ospedaliero Universitaria Policlinico S. O",,,,,,,Profile,"http://www2.clinicalresearch.nl/members/cic.asp?cic=790&team=1",team,"Pession, Andrea-Prete, Arcangelo-Rondelli, Roberto-DiLeo, Korinne-Melchionda, Fraia-Franzoni, Monica-Massetti, Riccardo-Brazzini, Valentina"
"Hospital San Maurizio Dept.of Hematology- BMT Unit",,,,,,,,,,,,,,,,,,,,,,,,,,* My Contacts ::: Centri Italiani,* Work,"emat@asbz.it",Work,"39-0471-908-807/-699",Work Fax,"39-0471-908-703",Work,"Hospital San Maurizio Dept.of Hematology- BMT Unitvia Lorenz Boehler 5 39100 Bolzano","Hospital San Maurizio Dept.of Hematology- BMT Unit",,,,,,,Profile,"http://www2.clinicalresearch.nl/members/cic.asp?cic=299&team=1",team,"Cortelazzo, Sergio-Casini, Marco-Pinna, Andrea-Cavattoni, Irene-Marabese, Alessandra-Deoola, Sara"
"Spedali Civili- Brescia Hematology Division Depart",,,,,,,,,,,,,,,,,,,,,,,,,,* My Contacts ::: Centri Italiani,* Work,"rossig@med.unibs.it",Work,"39-030-399-5438",Work Fax,"39-030-3700852",Work,"Spedali Civili- Brescia Hematology Division Department of Medical Oncology Piazzale Spedali Civili 1 25100 Brescia","Spedali Civili- Brescia Hematology Division Depart",,,,,,,Profile,"http://www2.clinicalresearch.nl/members/cic.asp?cic=288&team=1",team,"Rossi, Giuseppe-Morello, Enrico-Re, Alessandro-Fenotti, Cristina-Cavalli, Lara"
"Universitádegli Studidi Brescia Clinica Pediatrica",,,,,,,,,,,,,,,,,,,,,,,,,,* My Contacts ::: Centri Italiani,* Work,"fulvio.porta@gmail.com",Work,"39-030-399-5715",Work Fax,"39-030-338-8099",Work,"Universitádegli Studidi Brescia Clinica Pediatrica Spedali Civili, P.le Spedali Civili 25123 Brescia","Universitádegli Studidi Brescia Clinica Pediatrica",,,,,,,Profile,"http://www2.clinicalresearch.nl/members/cic.asp?cic=741&team=1",team,"Porta, Fulvio-Notarangelo, LuigiD.-Mazzolari, Evelina-Lanfranchi, Arnalda-Gulino, Virginia-Grassi, Veronica"
"Perrino Hospital Dept.of Ha 0 Brindisi",,,,,,,,,,,,,,,,,,,,,,,,,,* My Contacts ::: Centri Italiani,* Work,"",Work,"39-0831537507",Work Fax,"39-0831-537-613",Work,"Perrino Hospital Dept.of Ha 0 Brindisi","Perrino Hospital Dept.of Ha 0 Brindisi",,,,,,,Profile,"http://www2.clinicalresearch.nl/members/cic.asp?cic=920&team=1",team,"Quarta, Giovanni-Loseto, Giacomo-Mele, Giuseppe"
"Azienda Ospedaliera Ospedale di circolodi Busto Ar",,,,,,,,,,,,,,,,,,,,,,,,,,* My Contacts ::: Centri Italiani,* Work,"mbregni@aobusto.it",Work,"+390331699489",Work Fax,"+390331699295",Work,"Azienda Ospedaliera Ospedale di circolodi Busto Arsizio Oncologia Medica Piazza Solaro No 3 21052 Busto Arsizio","Azienda Ospedaliera Ospedale di circolodi Busto Ar",,,,,,,Profile,"http://www2.clinicalresearch.nl/members/cic.asp?cic=927&team=1",team,"Bregni, Marco-Landoni, Carlo-Crovetti, Giovanni-Bertolli, Vanda-LaTargia, Maria-Sprocati, Patrizia"
"Solid Tumours Working Party Azienda Ospedaliera Os",,,,,,,,,,,,,,,,,,,,,,,,,,* My Contacts ::: Centri Italiani,* Work,"mbregni@milanocuore.eu",Work,"+390331699489",Work Fax,"+390331699295",Work,"Solid Tumours Working Party Azienda Ospedaliera Ospedale di Circolo di Busto Arsizio Oncologia Medica Piazza Solaro No 3 21052 Busto Arsizio","Solid Tumours Working Party Azienda Ospedaliera Os",,,,,,,Profile,"http://www2.clinicalresearch.nl/members/cic.asp?cic=8412&team=1",team,"Bregni, Marco-Bay, Jacques-Olivier-Badoglio, Manuela"
"Ospedale A. Businco Cagliari Haematology Transplan",,,,,,,,,,,,,,,,,,,,,,,,,,* My Contacts ::: Centri Italiani,* Work,"emnang@tin.it",Work,"+39-070-6095312",Work Fax,"+39-070-609-5312",Work,"Ospedale A. Businco Cagliari Haematology Transplant Centre Wilma Deplano Via Jenner 09121 Cagliari","Ospedale A. Businco Cagliari Haematology Transplan",,,,,,,Profile,"http://www2.clinicalresearch.nl/members/cic.asp?cic=791&team=1",team,"Angelucci, Emanuele-Baronciani, Donatella-Depau, Cristina-Piras, Alba-Culurgioni, Fabio-Zucca, Silvia"
"Adultand Paediatric Transplant Centre Centro trapi",,,,,,,,,,,,,,,,,,,,,,,,,,* My Contacts ::: Centri Italiani,* Work,"lanasa@tiscali.it",Work,"39-070-609-2800/1",Work Fax,"39-070-609-2936",Work,"Adultand Paediatric Transplant Centre Centro trapianti di Midollo Osseo P. O. R. Binaghi Vials Guadazzonis, 3 09126 Cagliari","Adultand Paediatric Transplant Centre Centro trapi",,,,,,,Profile,"http://www2.clinicalresearch.nl/members/cic.asp?cic=811&team=1",team,"LaNasa, Giorgio-Vacca, Adriana-Corrias, Stefano-Koopmans, AnnaMaria"
"Paediatric Transplant Centre Centro trapianti di M",,,,,,,,,,,,,,,,,,,,,,,,,,* My Contacts ::: Centri Italiani,* Work,"ca2tmo@mcweb.unica.it",Work,"",Work Fax,"undefined",Work,"Paediatric Transplant Centre Centro trapianti di Midollo Osseo Ospedale Microcitemico Via Edward Jenners/n 09121 Cagliari","Paediatric Transplant Centre Centro trapianti di M",,,,,,,Profile,"http://www2.clinicalresearch.nl/members/cic.asp?cic=811&team=2",team,"Orofino, MariaGrazia-Cau, Paola-Addari, MariaCarmen"
"Ospedale Ferrarotto Divisione Clinicizzatadi Emato",,,,,,,,,,,,,,,,,,,,,,,,,,* My Contacts ::: Centri Italiani,* Work,"giuseppe.milone@gmail.com",Work,"39-095-743-5913/6102",Work Fax,"39-095-743-5913",Work,"Ospedale Ferrarotto Divisione Clinicizzatadi Ematologia BMT Unit Via S. Citelli 6 95100 Catania","Ospedale Ferrarotto Divisione Clinicizzatadi Emato",,,,,,,Profile,"http://www2.clinicalresearch.nl/members/cic.asp?cic=792&team=1",team,"Milone, Giuseppe-Salvatorre, Leotta-Spadaro, Andrea"
"Unità Operativa Di Medicina Interna Via P. Ginevri",,,,,,,,,,,,,,,,,,,,,,,,,,* My Contacts ::: Centri Italiani,* Work,"ricentu@tin.it",Work,"+390733823065",Work Fax,"+390733823390",Work,"Unità Operativa Di Medicina Interna Via P. Ginevri, 1 62012 Civitanove Marche","Unità Operativa Di Medicina Interna Via P. Ginevri",,,,,,,Profile,"http://www2.clinicalresearch.nl/members/cic.asp?cic=419&team=1",team,"Centurioni, Riccardo-Tassetti, Angela-Minnucci, Luisa-Mirabile, Milena-Ferranti, Caterina-Sabbatini, Francesco"
"Sez. Ematologia- Centro Trapianti Midollo Osseo, M",,,,,,,,,,,,,,,,,,,,,,,,,,* My Contacts ::: Centri Italiani,* Work,"f.lanza@ospedale.cremona.it",Work,"39-0372-405-613/408-105",Work Fax,"39-0372-405-655",Work,"Sez. Ematologia- Centro Trapianti Midollo Osseo, Medicina II Viale Concordia 1 26100 Cremona","Sez. Ematologia- Centro Trapianti Midollo Osseo, M",,,,,,,Profile,"http://www2.clinicalresearch.nl/members/cic.asp?cic=226&team=1",team,"Lanza, Francesco-Spedini, Pierangelo-Tajana, Monica-Mauro, Endri-Pagliari, Donatella-Pasini, Annalisa"
"Az. Ospedaliera S. Crocee Carle Division of Hemato",,,,,,,,,,,,,,,,,,,,,,,,,,* My Contacts ::: Centri Italiani,* Work,"ematologia@ospedale.cuneo.it",Work,"39-0171-641-070/642414",Work Fax,"+390171642937",Work,"Az. Ospedaliera S. Crocee Carle Division of Hematology Via Coppino 26 12100 Cuneo","Az. Ospedaliera S. Crocee Carle Division of Hemato",,,,,,,Profile,"http://www2.clinicalresearch.nl/members/cic.asp?cic=606&team=1",team,"Gallamini, Andrea-Grasso, Mariella-Mordini, Nicola-Mattei, Daniele-Cavallo, Alda"
"Università di Ferrara St. Anna Hospital Hematology",,,,,,,,,,,,,,,,,,,,,,,,,,* My Contacts ::: Centri Italiani,* Work,"cut@unife.it",Work,"39-0532-209-100",Work Fax,"39-0532-212-142",Work,"Università di Ferrara St. Anna Hospital Hematology Section Corso Giovecca 203 44100 Ferrara","Università di Ferrara St. Anna Hospital Hematology",,,,,,,Profile,"http://www2.clinicalresearch.nl/members/cic.asp?cic=330&team=1",team,"Cuneo, Antonio-Moretti, Sabrina-Rigolin, GianMatteo-Baruchello, Antonella"
"Ospedale di Careggi BMT Unit Departmentof Hematolo",,,,,,,,,,,,,,,,,,,,,,,,,,* My Contacts ::: Centri Italiani,* Work,"alberto.bosi@unifi.it",Work,"390557947726",Work Fax,"390557947064",Work,"Ospedale di Careggi BMT Unit Departmentof Hematology 50134 Firenze","Ospedale di Careggi BMT Unit Departmentof Hematolo",,,,,,,Profile,"http://www2.clinicalresearch.nl/members/cic.asp?cic=304&team=1",team,"Bosi, Alberto-Guidi, Stefano-Lombardini, Letizia-Saccardi, Riccardo-Gozzini, Antonella-Nozzoli, Chiara-Galgano, Letizia-Bartolozzi, Benedetta"
"Azienda Ospedaliero Universitaria Meyer Department",,,,,,,,,,,,,,,,,,,,,,,,,,* My Contacts ::: Centri Italiani,* Work,"m.arico@meyer.it",Work,"+39.55.566.2738",Work Fax,"+39.55.566.2746",Work,"Azienda Ospedaliero Universitaria Meyer Departmentof Paediatric Haematology Oncology Viale Pieraccini, 24 50139 Firenze","Azienda Ospedaliero Universitaria Meyer Department",,,,,,,Profile,"http://www2.clinicalresearch.nl/members/cic.asp?cic=304&team=2",team,"Aricò, Maurizio-Tintori, Veronica-Bambi, Franco-Caselli, Desiree-Brugnolo, Francesca-Frenos, Stefano-Netti, MariaGiovanna"
"Italian National BMT Registry- GITMO Ospedale San ",,,,,,,,,,,,,,,,,,,,,,,,,,* My Contacts ::: Centri Italiani,* Work,"rosi.oneto@gitmo.net",Work,"39-010-355-469",Work Fax,"39-010-355-583",Work,"Italian National BMT Registry- GITMO Ospedale San Martino USL13 Divisione di Ematologia Viale Benedetto XV 16132 Genova","Italian National BMT Registry- GITMO Ospedale San ",,,,,,,Profile,"http://www2.clinicalresearch.nl/members/cic.asp?cic=8440&team=1",team,"Rambaldi, Alessandro-Bruno, Barbara-Camboni, Agnese-Oneto, Rosi"
"Università di Genova Dept.of Internal Medicine Via",,,,,,,,,,,,,,,,,,,,,,,,,,* My Contacts ::: Centri Italiani,* Work,"fpatrone@unige.it",Work,"39-010-353-8952/8940",Work Fax,"39-010-353-8650/7976",Work,"Università di Genova Dept.of Internal Medicine Viale Benedetto X Vn.6 16132 Genova","Università di Genova Dept.of Internal Medicine Via",,,,,,,Profile,"http://www2.clinicalresearch.nl/members/cic.asp?cic=139&team=1",team,"Patrone, Franco-Ballestrero, Alberto-Gobbi, Marco"
"Ospedale San Martino Department of Haematology IIL",,,,,,,,,,,,,,,,,,,,,,,,,,* My Contacts ::: Centri Italiani,* Work,"andrea.bacigalupo@hsanmartino.it",Work,"39-010-355-469",Work Fax,"39-010-355-583",Work,"Ospedale San Martino Department of Haematology IIL.go R. Benzi 10 16132 Genova","Ospedale San Martino Department of Haematology IIL",,,,,,,Profile,"http://www2.clinicalresearch.nl/members/cic.asp?cic=217&team=1",team,"Bacigalupo, Andrea-Dominietto, Alida-VanLint, M.T.-Lamparelli, Teresa-Gualandi, Francesca-Marmont, A.M.-Oneto, Rosi-Camboni, Agnese-Frau, Lucia"
"Institute G. Gaslini Largo G. Gaslini 5 16148 Geno",,,,,,,,,,,,,,,,,,,,,,,,,,* My Contacts ::: Centri Italiani,* Work,"giorgiodini@ospedale-gaslini.ge.it",Work,"39-010-5636-715",Work Fax,"39-010-377-7133",Work,"Institute G. Gaslini Largo G. Gaslini 5 16148 Genova","Institute G. Gaslini Largo G. Gaslini 5 16148 Geno",,,,,,,Profile,"http://www2.clinicalresearch.nl/members/cic.asp?cic=274&team=1",team,"Dini, Giorgio-Gazzolo, Andrea-Lanino, Edoardo-Faraci, Maura-Morreale, Giuseppe-Dufour, Carlo-Giardino, Stefano-Simona, Calza-Cancedda, Roberta-Deiana, Marco"
"Azienda Ospedaliera Universitaria San Martino Mono",,,,,,,,,,,,,,,,,,,,,,,,,,* My Contacts ::: Centri Italiani,* Work,"angelomichele.carella@hsanmartino.it",Work,"+39.010.513731",Work Fax,"+39.010.5556891",Work,"Azienda Ospedaliera Universitaria San Martino Monoblocco 11- Ponente Largo Rosanna Benzi, 10 16132 Genova","Azienda Ospedaliera Universitaria San Martino Mono",,,,,,,Profile,"http://www2.clinicalresearch.nl/members/cic.asp?cic=987&team=1",team,"Carella, AngeloMichele-Congiu, AngelaGiovanna-Nati, Sandro-Capurro, Mara-Congiu, AngelaGiovanna"
"Ospedale Santa Maria Goretti Ematologia Via Canova",,,,,,,,,,,,,,,,,,,,,,,,,,* My Contacts ::: Centri Italiani,* Work,"emato@online.latina.it",Work,"+39-0773-655-3710",Work Fax,"+39-0773-655-3718",Work,"Ospedale Santa Maria Goretti Ematologia Via Canova 04100 Latina","Ospedale Santa Maria Goretti Ematologia Via Canova",,,,,,,Profile,"http://www2.clinicalresearch.nl/members/cic.asp?cic=379&team=1",team,"DeBlasio, Angelo-Zappone, Elisabetta-OrtulaBarbera, Elettra-Caratelli, Patrizia-Coppetelli, Ugo"
"Ospedale Vito Fazzi Haematology&amp; Stem Cell Tra",,,,,,,,,,,,,,,,,,,,,,,,,,* My Contacts ::: Centri Italiani,* Work,"nicola.direnzo@fastwebnet.it",Work,"+390832661922/+39083266104",Work Fax,"+390832661923",Work,"Ospedale Vito Fazzi Haematology&amp; Stem Cell Transplant Unit Piazza F. Muratore, 1c 73100 Lecce","Ospedale Vito Fazzi Haematology&amp; Stem Cell Tra",,,,,,,Profile,"http://www2.clinicalresearch.nl/members/cic.asp?cic=868&team=1",team,"DiRenzo, Nicola-Forese, Pasquale-Pennese, Elsa-Perrone, Stefano-Matera, Rosella"
"Istituto Scientifico Romagnolo per lo Studio e la ",,,,,,,,,,,,,,,,,,,,,,,,,,* My Contacts ::: Centri Italiani,* Work,"francesca.fabbri@irst.emr.it",Work,"39-0543-739100",Work Fax,"39-0543-739290",Work,"Istituto Scientifico Romagnolo per lo Studio e la cura dei Tumori( IRST) Via Piero Maroncelli, 40 47014 Meldola","Istituto Scientifico Romagnolo per lo Studio e la ",,,,,,,Profile,"http://www2.clinicalresearch.nl/members/cic.asp?cic=298&team=1",team,"DeGiorgi, Ugo-Fattori, PierPaolo-Migliori, Giuseppe-Brolli, Claudia-Bragagni, Marina-Fabbri, Francesca"
"Policlinico Universitàrio Messina Oncology- Pathol",,,,,,,,,,,,,,,,,,,,,,,,,,* My Contacts ::: Centri Italiani,* Work,"vpitini@unime.it",Work,"39-90-221-3249",Work Fax,"39-90-221-3231",Work,"Policlinico Universitàrio Messina Oncology- Pathology- Blood Center Oncologia- Medica, Pad. H5ºpiano Via Consolare Valeria 98125 Messina","Policlinico Universitàrio Messina Oncology- Pathol",,,,,,,Profile,"http://www2.clinicalresearch.nl/members/cic.asp?cic=669&team=1",team,"Pitini, Vincenzo-Siracusano, Luca-Arrigo, Carmela"
"Ospedale Maggiore di Milano IRCCS Via Fransesco Sf",,,,,,,,,,,,,,,,,,,,,,,,,,* My Contacts ::: Centri Italiani,* Work,"agostino.cortelezzi@unimi.it",Work,"39-02-5503-3322",Work Fax,"39-02-5503-3341",Work,"Ospedale Maggiore di Milano IRCCS Via Fransesco Sforza, 35 20122 Milano","Ospedale Maggiore di Milano IRCCS Via Fransesco Sf",,,,,,,Profile,"http://www2.clinicalresearch.nl/members/cic.asp?cic=265&team=1",team,"Cortelezzi, Agostino-Onida, Francesco-Annaloro, Claudio-Ottani, Laura-Tagliaferri, Elena"
"Ospedale Fatebenefratellie Oftalmico Div. Oncologi",,,,,,,,,,,,,,,,,,,,,,,,,,* My Contacts ::: Centri Italiani,* Work,"progetto.umana@fbf.milano.it",Work,"39-02-6363-2223",Work Fax,"39-02-6363-2216",Work,"Ospedale Fatebenefratellie Oftalmico Div. Oncologia Medicae Chemioterapia Corsodi Porta Nuova 23 20121 Milano","Ospedale Fatebenefratellie Oftalmico Div. Oncologi",,,,,,,Profile,"http://www2.clinicalresearch.nl/members/cic.asp?cic=269&team=1",team,"Farina, Gabriella-Bianchi, Celso-Pedretti, Donata-Bianchi, Celso"
"Ospedale di Niguarda Ca Granda Hematology Departme",,,,,,,,,,,,,,,,,,,,,,,,,,* My Contacts ::: Centri Italiani,* Work,"enrica.morra@ospedaleniguarda.it",Work,"39-02-6444-2668",Work Fax,"39-02-6444-2033",Work,"Ospedale di Niguarda Ca Granda Hematology Department Piazza Ospedale Maggiore 3 20162 Milano","Ospedale di Niguarda Ca Granda Hematology Departme",,,,,,,Profile,"http://www2.clinicalresearch.nl/members/cic.asp?cic=294&team=1",team,"Morra, Enrica-Marenco, Paola-Grillo, Giovanni-Gianpiera, Lanzo"
"European Institute of Oncology Via Ripamonti, 435 ",,,,,,,,,,,,,,,,,,,,,,,,,,* My Contacts ::: Centri Italiani,* Work,"giovanni.martinelli@ieo.it",Work,"39-02-5748-9538/9640",Work Fax,"39-02-57489537",Work,"European Institute of Oncology Via Ripamonti, 435 20141 Milano","European Institute of Oncology Via Ripamonti, 435 ",,,,,,,Profile,"http://www2.clinicalresearch.nl/members/cic.asp?cic=331&team=1",team,"Martinelli, Giovanni-Pastano, Rocco-Laszlo, Daniele-Gigli, Federica-Gardellini, Angelo-Sammassimo, Simona-Clerici, Margherita-Orlando, Laura-Liptrott, Sarah-Calabrese, Liliana"
"Istituto Clinico Humanitas Transplantation Unit De",,,,,,,,,,,,,,,,,,,,,,,,,,* My Contacts ::: Centri Italiani,* Work,"luca.castagna@cancercenter.humanitas.it",Work,"39-02-8224-4587",Work Fax,"39-02-8224-4590",Work,"Istituto Clinico Humanitas Transplantation Unit Departmentof Oncologyand Haematology Via Manzoni 56 20089 Rozzano Milano","Istituto Clinico Humanitas Transplantation Unit De",,,,,,,Profile,"http://www2.clinicalresearch.nl/members/cic.asp?cic=354&team=1",team,"Castagna, Luca-Santoro, Armando-Bramanti, Stefania-Sarina, Barbara-Garofalo, Elena-Mauro, Elisa"
"Università di Milano Istituto Nazionale dei Tumori",,,,,,,,,,,,,,,,,,,,,,,,,,* My Contacts ::: Centri Italiani,* Work,"paolo.corradini@unimi.it",Work,"00-39-022-390-2950",Work Fax,"00-39-022-390-2908",Work,"Università di Milano Istituto Nazionale dei Tumori Hematology- Bone Marrow Transplantation Unit Via Venezian, 1 20133 Milano","Università di Milano Istituto Nazionale dei Tumori",,,,,,,Profile,"http://www2.clinicalresearch.nl/members/cic.asp?cic=616&team=1",team,"Corradini, Paolo-Gianni, Alessandro-Magni, Michele-Luksch, Roberto-Montefusco, Vittorio-Saracino, Lucia-Matteucci, Paola"
"S. Carlo Borromeo Hospital Oncology Department Via",,,,,,,,,,,,,,,,,,,,,,,,,,* My Contacts ::: Centri Italiani,* Work,"Tedeschi.Lucilla@sancarlo.mi.it",Work,"39-024-022-2255",Work Fax,"39-024-022-2323",Work,"S. Carlo Borromeo Hospital Oncology Department Via Pio II, 3 20153 Milano","S. Carlo Borromeo Hospital Oncology Department Via",,,,,,,Profile,"http://www2.clinicalresearch.nl/members/cic.asp?cic=683&team=1",team,"Tedeschi, Lucilla-Romanelli, Antonella-Vinci, Maria-Pagani, Giada"
"San Raffaele Scientific Institute Haematology and ",,,,,,,,,,,,,,,,,,,,,,,,,,* My Contacts ::: Centri Italiani,* Work,"ciceri.fabio@hsr.it",Work,"39-02-264-339-03",Work Fax,"39-02-264-347-60",Work,"San Raffaele Scientific Institute Haematology and BMT Via Olgettina 60 20132 Milano","San Raffaele Scientific Institute Haematology and ",,,,,,,Profile,"http://www2.clinicalresearch.nl/members/cic.asp?cic=813&team=1",team,"Ciceri, Fabio-Peccatori, Jacopo-Marcatti, Magda-Bernardi, Massimo-Corti, Consuelo-Marktel, Sarah-Fleischhauer, Katharina-Matozzo, Vincenzo-Trinca, Stefania"
"Paediatric Clinic Research Unit Haematologyand BMT",,,,,,,,,,,,,,,,,,,,,,,,,,* My Contacts ::: Centri Italiani,* Work,"roncarolo.mariagrazia@hsr.it",Work,"+39-02-264-343-87",Work Fax,"+39-02-264-347-60",Work,"Paediatric Clinic Research Unit Haematologyand BMT San Raffaele Scientific Institute Via Olgettina 60 20132 Milano","Paediatric Clinic Research Unit Haematologyand BMT",,,,,,,Profile,"http://www2.clinicalresearch.nl/members/cic.asp?cic=813&team=2",team,"Roncarolo, MariaGrazia-Aiuti, Alessandro-Cicalese, MariaPia-Soliman, Clara-Callegaro, Luciano"
"Donor Evaluation, Selection&amp; Management Haemat",,,,,,,,,,,,,,,,,,,,,,,,,,* My Contacts ::: Centri Italiani,* Work,"coppola.milena@hsr.it",Work,"+39-02-264-323-49",Work Fax,"+39-02-264-321-94",Work,"Donor Evaluation, Selection&amp; Management Haematologyand BMT San Raffaele Scientific Institute Via Olgettina 60 20132 Milano","Donor Evaluation, Selection&amp; Management Haemat",,,,,,,Profile,"http://www2.clinicalresearch.nl/members/cic.asp?cic=813&team=3",team,"Coppola, Milena-Bellio, Laura"
"Uni. Modena, Policlinico Departmentof Oncologyand ",,,,,,,,,,,,,,,,,,,,,,,,,,* My Contacts ::: Centri Italiani,* Work,"franco.narni@unimore.it",Work,"39-059-422-2427",Work Fax,"39-059-422-3257",Work,"Uni. Modena, Policlinico Departmentof Oncologyand Hematology Via del Pozzo 71 41124 Modena","Uni. Modena, Policlinico Departmentof Oncologyand ",,,,,,,Profile,"http://www2.clinicalresearch.nl/members/cic.asp?cic=543&team=1",team,"Narni, Franco-Bresciani, Paola-Mariano, Maria-Ceccherelli, Giovani-Luppi, Mario-Pierazzi, Cinzia-Cuoghi, Angela"
"Azienda Ospedaliera- Universitaria Scuola di Speci",,,,,,,,,,,,,,,,,,,,,,,,,,* My Contacts ::: Centri Italiani,* Work,"paolucci.paolo@unimo.it",Work,"+390594222534",Work Fax,"+390594224583",Work,"Azienda Ospedaliera- Universitaria Scuola di Specializzazione in Pediatria U. O.di Ematologia, Oncologiae Trapianto Viadel Pozzo, 71 41100 Modena","Azienda Ospedaliera- Universitaria Scuola di Speci",,,,,,,Profile,"http://www2.clinicalresearch.nl/members/cic.asp?cic=543&team=2",team,"Paolucci, Paolo-Palazzi, Giovanni"
"Centro trapianti di Midollo Osseo Clinica Pediatri",,,,,,,,,,,,,,,,,,,,,,,,,,* My Contacts ::: Centri Italiani,* Work,"a.rovelli@hsgerardo.org",Work,"39-039-233-2442/3523/3513",Work Fax,"39-039-233-3523",Work,"Centro trapianti di Midollo Osseo Clinica Pediatrica Universitàdi Milano Bicocca A. O. San Gerardo. Via Pergolesi 33 20900 Monza","Centro trapianti di Midollo Osseo Clinica Pediatri",,,,,,,Profile,"http://www2.clinicalresearch.nl/members/cic.asp?cic=279&team=1",team,"Rovelli, Attilio-Balduzzi, Adriana-Biagi, Ettore-Longoni, Daniela-Bonanomi, Sonia-Perseghin, Paolo-Marrocco, Emanuela-Mandelli, Nadia"
"Ospedale San Gerardo Clinica Ematologicadell Unive",,,,,,,,,,,,,,,,,,,,,,,,,,* My Contacts ::: Centri Italiani,* Work,"p.pioltelli@hsgerardo.org",Work,"39-039-233-2392",Work Fax,"39-039-233-3440",Work,"Ospedale San Gerardo Clinica Ematologicadell Università Milano- Biocca Via Pergolese 33 20900 Monza","Ospedale San Gerardo Clinica Ematologicadell Unive",,,,,,,Profile,"http://www2.clinicalresearch.nl/members/cic.asp?cic=544&team=1",team,"Pogliani, EnricoMaria-Pioltelli, Pietro-Parma, Matteo-Terruzzi, Elisabetta-Pirola, Emanuele-Brambilla, Cecilia"
"Università di Napoli Federico II Medical School Di",,,,,,,,,,,,,,,,,,,,,,,,,,* My Contacts ::: Centri Italiani,* Work,"gederosa@unina.it",Work,"39-081-746-2037",Work Fax,"39-081-746-2165",Work,"Università di Napoli Federico II Medical School Division of Hematology Via S Pansini 5 80131 Napoli","Università di Napoli Federico II Medical School Di",,,,,,,Profile,"http://www2.clinicalresearch.nl/members/cic.asp?cic=766&team=1",team,"deRosa, Gennaro-Risitano, Antonio-Pane, Fabrizio-Gargiulo, Gianpaolo"
"Ist Naz Tumori- Fondazione Sen G Pascale U.O.S.C E",,,,,,,,,,,,,,,,,,,,,,,,,,* My Contacts ::: Centri Italiani,* Work,"apinto.int.napoli@tin.it",Work,"39-081-590-32-04/14/18/19",Work Fax,"39-081-590-38-19",Work,"Ist Naz Tumori- Fondazione Sen G Pascale U.O.S.C Ematologia Oncologia Via Mariano Semmola 80131 Napoli","Ist Naz Tumori- Fondazione Sen G Pascale U.O.S.C E",,,,,,,Profile,"http://www2.clinicalresearch.nl/members/cic.asp?cic=839&team=1",team,"Pinto, Antonio-Marcacci, Gianpaolo"
"Ospedale San Francesco Division of Hematology 0810",,,,,,,,,,,,,,,,,,,,,,,,,,* My Contacts ::: Centri Italiani,* Work,"emanuor@tiscali.it",Work,"39-0784-240-206",Work Fax,"39-0784-240-463",Work,"Ospedale San Francesco Division of Hematology 08100 Nuoro","Ospedale San Francesco Division of Hematology 0810",,,,,,,Profile,"http://www2.clinicalresearch.nl/members/cic.asp?cic=793&team=1",team,"Gabbas, Attilio-Arru, Luigi-Latte, G.Carlo-Palmas, Angelo-Piras, Giovanna-Fais, AnnaMaria-Palmas, Angelo"
"Clinicadi Oncoematologia Pediatrica Dipartimentodi",,,,,,,,,,,,,,,,,,,,,,,,,,* My Contacts ::: Centri Italiani,* Work,"chiara.messina@unipd.it",Work,"39-049-821-3579",Work Fax,"39-049-821-3510",Work,"Clinicadi Oncoematologia Pediatrica Dipartimentodi Pediatria Via Giustiniani 3 35128 Padova","Clinicadi Oncoematologia Pediatrica Dipartimentodi",,,,,,,Profile,"http://www2.clinicalresearch.nl/members/cic.asp?cic=285&team=1",team,"Messina, Chiara-Calore, Elisabetta-Varotto, Stefania-Bernardi, Matteo-Pillon, Marta"
"Padua University Hospital Departmentof Medicine- H",,,,,,,,,,,,,,,,,,,,,,,,,,* My Contacts ::: Centri Italiani,* Work,"ematologiapadova.dimed@unipd.it",Work,"+390498212298",Work Fax,"+390498211970",Work,"Padua University Hospital Departmentof Medicine- Hematology Section Via Giustiniani 2 35128 Padova","Padua University Hospital Departmentof Medicine- H",,,,,,,Profile,"http://www2.clinicalresearch.nl/members/cic.asp?cic=853&team=1",team,"Semenzato, Gianpietro-Trentin, Livio-Zambello, Renato-Pavan, Laura-Colpo, Anna-Sabbion, Carlo-DeNadai, Alessandra"
"Ospedale dei Bambini Paediatric Haematology Oncolo",,,,,,,,,,,,,,,,,,,,,,,,,,* My Contacts ::: Centri Italiani,* Work,"ottavioziino@yahoo.it",Work,"+39.916.666.131/036",Work Fax,"+39.916.666.001",Work,"Ospedale dei Bambini Paediatric Haematology Oncology Via Benedettini 1 90144 Palermo","Ospedale dei Bambini Paediatric Haematology Oncolo",,,,,,,Profile,"http://www2.clinicalresearch.nl/members/cic.asp?cic=109&team=1",team,"Ziino, Ottavio-Tropia, Serena-Cannella, Sonia-Riccardi, Mariastella-Grigoli, Antonella"
"A.R.N.A.S. Civico-Di Cristina U.O. EMATOLOGIA Piaz",,,,,,,,,,,,,,,,,,,,,,,,,,* My Contacts ::: Centri Italiani,* Work,"gpagnucco@ospedalecivicopa.org",Work,"+390916664147",Work Fax,"+390916664222",Work,"A.R.N.A.S. Civico-Di Cristina U.O. EMATOLOGIA Piazza Leotta 6 90100 Palermo","A.R.N.A.S. Civico-Di Cristina U.O. EMATOLOGIA Piaz",,,,,,,Profile,"http://www2.clinicalresearch.nl/members/cic.asp?cic=157&team=1",team,"Pagnucco, Guido-Tomaselli, Carmen-Bondi, Francesca-Randazzo, Cristina-Anxur, Merenda"
"Ospedale V. Cervello Div.di Ematologiae Unità Trap",,,,,,,,,,,,,,,,,,,,,,,,,,* My Contacts ::: Centri Italiani,* Work,"rscime@tiscali.it",Work,"00-39-091-6802641",Work Fax,"00-39-091-6884723",Work,"Ospedale V. Cervello Div.di Ematologiae Unità Trapian ti Via Trabucco 180 90146 Palermo","Ospedale V. Cervello Div.di Ematologiae Unità Trap",,,,,,,Profile,"http://www2.clinicalresearch.nl/members/cic.asp?cic=392&team=1",team,"Scimè, Rosanna-Cavallaro, AnnaMaria-Tringali, Stefania-Pitrone, Rosalba-Sbriglio, Lucia"
"Ospedale La Maddalena- Dpt. Oncologico Unità Opera",,,,,,,,,,,,,,,,,,,,,,,,,,* My Contacts ::: Centri Italiani,* Work,"mamusso@libero.it",Work,"39-091-680-6523",Work Fax,"39-091-680-6906",Work,"Ospedale La Maddalena- Dpt. Oncologico Unità Operativa di Oncoematologia e Trapianto di Midollo Via S. Lorenzo Colli, 312 90146 Palermo","Ospedale La Maddalena- Dpt. Oncologico Unità Opera",,,,,,,Profile,"http://www2.clinicalresearch.nl/members/cic.asp?cic=692&team=1",team,"Musso, Maurizio-Porretto, Ferdinando-Crescimanno, Alessandra-Giambrone, Antonio"
"Univ.di Palermo Div.di Ematologia con Trapiantodi ",,,,,,,,,,,,,,,,,,,,,,,,,,* My Contacts ::: Centri Italiani,* Work,"aidsabba@unipa.it",Work,"39-091-655-4401",Work Fax,"39-091-655-4402/4423",Work,"Univ.di Palermo Div.di Ematologia con Trapiantodi Midollo Via del Vespron 129 90127 Palermo","Univ.di Palermo Div.di Ematologia con Trapiantodi ",,,,,,,Profile,"http://www2.clinicalresearch.nl/members/cic.asp?cic=814&team=1",team,"Abbadessa, Vincenzo-Quintini, Gerlando-Chiaramonte, Rosalba-Minardi, Viviana"
"Università di Parma Cattedra di Ematologia Centro ",,,,,,,,,,,,,,,,,,,,,,,,,,* My Contacts ::: Centri Italiani,* Work,"ematopr@unipr.it",Work,"39-05-21-033265",Work Fax,"39-05-21-033264",Work,"Università di Parma Cattedra di Ematologia Centro Trapianti Midollo Osseo Via Gramsci 14 43100 Parma","Università di Parma Cattedra di Ematologia Centro ",,,,,,,Profile,"http://www2.clinicalresearch.nl/members/cic.asp?cic=245&team=1",team,"Rizzoli, Vittorio-Giuliani, Nicola-Mangoni, Lina-Caramatti, Cecilia"
"BM Tunit Clinica Ematologica Fondazione IRCCS Poli",,,,,,,,,,,,,,,,,,,,,,,,,,* My Contacts ::: Centri Italiani,* Work,"alessandrino@smatteo.pv.it",Work,"39-0382-503098",Work Fax,"39-0382-502250",Work,"BM Tunit Clinica Ematologica Fondazione IRCCS Policlinico San Matteo Viale Golgi N19, 27100 Pavia","BM Tunit Clinica Ematologica Fondazione IRCCS Poli",,,,,,,Profile,"http://www2.clinicalresearch.nl/members/cic.asp?cic=286&team=1",team,"Alessandrino, E.Paolo-Bernasconi, Paolo-Colombo, AnnaAmelia-Caldera, Daniela-Pascutto, Cristiana-Deiana, Cinzia-Ripamonti, Francesco"
"Fondazione IRCCS Policlinico San Matteo Pediatric ",,,,,,,,,,,,,,,,,,,,,,,,,,* My Contacts ::: Centri Italiani,* Work,"m.zecca@smatteo.pv.it",Work,"390382502607",Work Fax,"390382501251",Work,"Fondazione IRCCS Policlinico San Matteo Pediatric Hematology- Oncology Viale Golgi 19 27100 Pavia","Fondazione IRCCS Policlinico San Matteo Pediatric ",,,,,,,Profile,"http://www2.clinicalresearch.nl/members/cic.asp?cic=557&team=1",team,"Zecca, Marco-Decembrino, Nini-Maccario, Rita-Giorgiani, Giovanna-Comoli, Patrizia-Moretta, Antonia-Montagna, Daniela-DeCecco, Valentina"
"Fondazione S. Maugeri Div. Oncologia Medicavia Fer",,,,,,,,,,,,,,,,,,,,,,,,,,* My Contacts ::: Centri Italiani,* Work,"azambelli@fsm.it",Work,"39-0382-592-657",Work Fax,"39-0382-592-088",Work,"Fondazione S. Maugeri Div. Oncologia Medicavia Ferrata 8 27100 Pavia","Fondazione S. Maugeri Div. Oncologia Medicavia Fer",,,,,,,Profile,"http://www2.clinicalresearch.nl/members/cic.asp?cic=771&team=1",team,"Zambelli, Alberto-DaPrada, G.A.-Lanza, Annalisa-Fregoni, Vittorio-Piccinini, Claudia"
"University of Perugia Sez. Medicina Internae Scien",,,,,,,,,,,,,,,,,,,,,,,,,,* My Contacts ::: Centri Italiani,* Work,"marinal@unipg.it",Work,"39-075-578-3436",Work Fax,"39-075-578-3444",Work,"University of Perugia Sez. Medicina Internae Scienze Oncol. Policlinico Monteluce I 06122 Perugia","University of Perugia Sez. Medicina Internae Scien",,,,,,,Profile,"http://www2.clinicalresearch.nl/members/cic.asp?cic=573&team=1",team,"Liberati, Marina-Capparella, Vincenzo-Schippa, Monica-Ferrara, Pasqualinda"
"Sezione di Ematologia Dipartimento di Medicina Cli",,,,,,,,,,,,,,,,,,,,,,,,,,* My Contacts ::: Centri Italiani,* Work,"velardi@unipg.it",Work,"39-075-578-4124",Work Fax,"39-075-578-4170",Work,"Sezione di Ematologia Dipartimento di Medicina Clinicae Sperimentale Università di Perugia Ospedale Santa Maria della Misericordia 06132 Perugia","Sezione di Ematologia Dipartimento di Medicina Cli",,,,,,,Profile,"http://www2.clinicalresearch.nl/members/cic.asp?cic=794&team=1",team,"Velardi, Andrea-Carotti, Alessandra-Caniglia, Maurizio-Falzetti, Franca-Monaldi, Antonella-Santucci, Antonella"
"Dipartimentodi Medicina Clinica e Sperimentale Uni",,,,,,,,,,,,,,,,,,,,,,,,,,* My Contacts ::: Centri Italiani,* Work,"velardi@unipg.it",Work,"+39.075.578.4124",Work Fax,"+39.075.578.4170",Work,"Dipartimentodi Medicina Clinica e Sperimentale Università di Perugia Ospedale Santa Mariadella Misericordia 06132 Perugia","Dipartimentodi Medicina Clinica e Sperimentale Uni",,,,,,,Profile,"http://www2.clinicalresearch.nl/members/cic.asp?cic=8420&team=1",team,"Velardi, Andrea-Toubert, Antoine"
"Pesaro Hospital Hematology Transplant Centre Murag",,,,,,,,,,,,,,,,,,,,,,,,,,* My Contacts ::: Centri Italiani,* Work,"g.visani@ospedalesansalvatore.it",Work,"39-(0)7-21-364-039",Work Fax,"39-(0)7-21-364-036",Work,"Pesaro Hospital Hematology Transplant Centre Muraglia-via Lombroso 61100 Pesaro","Pesaro Hospital Hematology Transplant Centre Murag",,,,,,,Profile,"http://www2.clinicalresearch.nl/members/cic.asp?cic=529&team=1",team,"Visani, Guiseppe-Barulli, Sara-Guiducci, Barbara-Giardini, Claudio-Lucesole, Moira-Malerba, Lara-Leopardi, Giuliana-Bonopera, Aldina"
"Ospedale Civile Department of Hematology Fonte Rom",,,,,,,,,,,,,,,,,,,,,,,,,,* My Contacts ::: Centri Italiani,* Work,"pescaratmo@virgilio.it",Work,"39-085-425-2581",Work Fax,"39-085-425-2583",Work,"Ospedale Civile Department of Hematology Fonte Romana 8 65125 Pescara","Ospedale Civile Department of Hematology Fonte Rom",,,,,,,Profile,"http://www2.clinicalresearch.nl/members/cic.asp?cic=248&team=1",team,"DiBartolomeo, Paolo-Bavaro, Pasqua-Olioso, Paola-DiCarlo, Paolo-Papalinetti, Gabriele-Santarone, Stella-DiNicola, Daniela-Pennese, Elsa"
"Hospital Guglielmo da Saliceto Oncology and Hemato",,,,,,,,,,,,,,,,,,,,,,,,,,* My Contacts ::: Centri Italiani,* Work,"l.cavanna@ausl.pc.it",Work,"+390523302697",Work Fax,"+390523302141",Work,"Hospital Guglielmo da Saliceto Oncology and Hematology Department Via Taverna 49 29100 Piacenza","Hospital Guglielmo da Saliceto Oncology and Hemato",,,,,,,Profile,"http://www2.clinicalresearch.nl/members/cic.asp?cic=163&team=1",team,"Cavanna, Luigi-Vallisa, Daniele-Lazzaro, Antonio-Muroni, Monica-Pagani, Raffaella"
"Unità Operativa Oncoematologia Pediatrica Azienda ",,,,,,,,,,,,,,,,,,,,,,,,,,* My Contacts ::: Centri Italiani,* Work,"c.favre@med.unipi.it",Work,"39-050-992-840",Work Fax,"39-050-993-426",Work,"Unità Operativa Oncoematologia Pediatrica Azienda Ospedaliera Universitaria Pisa via Rome, 67 56100 Pisa","Unità Operativa Oncoematologia Pediatrica Azienda ",,,,,,,Profile,"http://www2.clinicalresearch.nl/members/cic.asp?cic=795&team=1",team,"Favre, Claudio-Casazza, Gabriella-Menconi, Mariacristina-DelCarlo, Tiziana-Bernasconi, Sayla"
"Unità Operativa Ematologia Azienda Ospedaliero Uni",,,,,,,,,,,,,,,,,,,,,,,,,,* My Contacts ::: Centri Italiani,* Work,"mario.petrini@med.unipi.it",Work,"",Work Fax,"undefined",Work,"Unità Operativa Ematologia Azienda Ospedaliero Universitaria Pisana Via Roma 67 56126 Pisa","Unità Operativa Ematologia Azienda Ospedaliero Uni",,,,,,,Profile,"http://www2.clinicalresearch.nl/members/cic.asp?cic=795&team=2",team,"Petrini, Mario-Benedetti, Edoardo-Caracciolo, Francesco-Orciuolo, Enrico-Albiani, Anna-Martinelli, Leo-Buda, Gabriele"
"Ospedale San Carlo Dip. Ematologia via Potito Petr",,,,,,,,,,,,,,,,,,,,,,,,,,* My Contacts ::: Centri Italiani,* Work,"ematologia.trapianto@ospedalesancarlo.it",Work,"+390971613660",Work Fax,"+390971613258",Work,"Ospedale San Carlo Dip. Ematologia via Potito Petrone 85100 Potenza","Ospedale San Carlo Dip. Ematologia via Potito Petr",,,,,,,Profile,"http://www2.clinicalresearch.nl/members/cic.asp?cic=861&team=1",team,"Pizzuti, Michele-Santagostino, Alberto-Cimminiello, Michele-Amendola, Angela-Lucia, Carmela-Attolico, Imma"
"Ospedale Civile Oncology- Hematology Department Vi",,,,,,,,,,,,,,,,,,,,,,,,,,* My Contacts ::: Centri Italiani,* Work,"e.zuffa@ausl.ra.it",Work,"+390544286213",Work Fax,"+390544285827",Work,"Ospedale Civile Oncology- Hematology Department Viale Randi 5 48100 Ravenna","Ospedale Civile Oncology- Hematology Department Vi",,,,,,,Profile,"http://www2.clinicalresearch.nl/members/cic.asp?cic=306&team=1",team,"Zuffa, Eliana-Zaccaria, Alfonso-Chirico, Gianluca-Zumaglini, Federica"
"Azienda Ospedaliera Centro Unico Regionale Trapian",,,,,,,,,,,,,,,,,,,,,,,,,,* My Contacts ::: Centri Italiani,* Work,"irrera1959@libero.it",Work,"39-09-65-39-76-80",Work Fax,"39-09-65-250-82",Work,"Azienda Ospedaliera Centro Unico Regionale Trapianti Alberto Neri Bianchi- Melacrino- Morelli 89100 Reggio Calabria","Azienda Ospedaliera Centro Unico Regionale Trapian",,,,,,,Profile,"http://www2.clinicalresearch.nl/members/cic.asp?cic=587&team=1",team,"Irrera, Giuseppe-Massara, Elisabetta-Martino, Massimo-Messina, Giuseppe-Pucci, Giulia-Console, Giuseppe-Russo, Letteria-Gallo, Giuseppe-Cusumano, Giusy-Fedele, Roberta-Monteleone, Renza-Moscato, Tiziana"
"Arcispedale S. Maria Nuova Unita Operativa Ematolo",,,,,,,,,,,,,,,,,,,,,,,,,,* My Contacts ::: Centri Italiani,* Work,"merli.francesco@asmn.re.it)",Work,"39-0522-296618",Work Fax,"39-0522-296694",Work,"Arcispedale S. Maria Nuova Unita Operativa Ematologia Viale Risorgimento Reggio Emilia","Arcispedale S. Maria Nuova Unita Operativa Ematolo",,,,,,,Profile,"http://www2.clinicalresearch.nl/members/cic.asp?cic=660&team=1",team,"Merli, Francesco-Facchini, Luca-Imovilli, Annalisa-Botti, Stefano"
"Hematology&amp; SCT Unit Instituto Ricoveroe Curaa",,,,,,,,,,,,,,,,,,,,,,,,,,* My Contacts ::: Centri Italiani,* Work,"p.musto@crob.it",Work,"+390972726729",Work Fax,"39-0972-726217",Work,"Hematology&amp; SCT Unit Instituto Ricoveroe Curaa Carattere Scientifico Centro Riferimento Oncologicodella Basilicata Via Padre Pio, 1 PZ-85028 Rionero In Vulture","Hematology&amp; SCT Unit Instituto Ricoveroe Curaa",,,,,,,Profile,"http://www2.clinicalresearch.nl/members/cic.asp?cic=185&team=1",team,"Musto, Pellegrino-Guariglia, Roberto-Pietrantuono, Giuseppe-Zonno, Antonia-DAuria, Fiorella-Traficante, Anna"
"Univ. La Sapienza Dip. Biotecnologie Cellulari ed ",,,,,,,,,,,,,,,,,,,,,,,,,,* My Contacts ::: Centri Italiani,* Work,"232@bce.uniroma1.it",Work,"39-06-85-7951",Work Fax,"39-06-44-24-1984",Work,"Univ. La Sapienza Dip. Biotecnologie Cellulari ed Ematologia via Benevento 600161 Rome","Univ. La Sapienza Dip. Biotecnologie Cellulari ed ",,,,,,,Profile,"http://www2.clinicalresearch.nl/members/cic.asp?cic=232&team=1",team,"Foa, Roberto-Meloni, Giovanna-Vignetti, Marco-Iori, AnnaPaola-Ricci, Roberto-Iori, AnnaPaola-Meloni, Giovanna"
"Ospedale S. Camillo Haematology SCT Unit Padiglion",,,,,,,,,,,,,,,,,,,,,,,,,,* My Contacts ::: Centri Italiani,* Work,"imajolino@scamilloforlanini.rm.it",Work,"39-06-5870-3495",Work Fax,"39-06-5870-4357",Work,"Ospedale S. Camillo Haematology SCT Unit Padiglione Cesalpino Circonvallazione Gianicolense 87 00152 Roma","Ospedale S. Camillo Haematology SCT Unit Padiglion",,,,,,,Profile,"http://www2.clinicalresearch.nl/members/cic.asp?cic=287&team=1",team,"Majolino, Ignazio-Locasciulli, Anna-Severino, Alessandro-Pinazzi, M.Beatrice-Proia, Anna-DelGiudice, Elisabetta-Natale, Novella-Spirito, Francesca"
"Università Cattolica S. Cuore Istitutodi Ematologi",,,,,,,,,,,,,,,,,,,,,,,,,,* My Contacts ::: Centri Italiani,* Work,"emacat@rm.unicatt.it",Work,"39-063-550-3953",Work Fax,"39-063-017-319",Work,"Università Cattolica S. Cuore Istitutodi Ematologia Ematologia Largo Gemelli 8 00168 Roma","Università Cattolica S. Cuore Istitutodi Ematologi",,,,,,,Profile,"http://www2.clinicalresearch.nl/members/cic.asp?cic=307&team=1",team,"Leone, Giuseppe-Sica, Simona-Chiusolo, Patrizia-Cioce, Marco"
"International Center for Transplantationin Thalass",,,,,,,,,,,,,,,,,,,,,,,,,,* My Contacts ::: Centri Italiani,* Work,"j.gaziev@fondazioneime.org",Work,"+390620661300",Work Fax,"+390620661302",Work,"International Center for Transplantationin Thalassemiaand Sickle Cell Anemia Fondazione IME- Policlinico Tor Vergata Viale Oxford, 81 00133 Roma","International Center for Transplantationin Thalass",,,,,,,Profile,"http://www2.clinicalresearch.nl/members/cic.asp?cic=383&team=1",team,"Lucarelli, Guido-Gaziev, Javid-Sodani, Pietro"
"Transplant Network ¨Tor Vergata¨ University of Rom",,,,,,,,,,,,,,,,,,,,,,,,,,* My Contacts ::: Centri Italiani,* Work,"william.arcese@ptvonline.it",Work,"+39-06-2090-3227/3220/3213",Work Fax,"+39-06-20903221",Work,"Transplant Network ¨Tor Vergata¨ University of Rome Stem Cell Transplant Unit Policlinico Universitàrio Tor Vergata Viale Oxford 81 00133 Roma","Transplant Network ¨Tor Vergata¨ University of Rom",,,,,,,Profile,"http://www2.clinicalresearch.nl/members/cic.asp?cic=756&team=1",team,"Arcese,William-Cudillo, Laura-Cerretti, Raffaelle-Picardi, Alessandra-DeAngelis, Gottardo-Micciché, Silvia-Trenta, Francesco-Mauroni, MariaRita-DiPiazza, Fabio"
"Sant Eugenio Hospital Divisionof Hematology P.lede",,,,,,,,,,,,,,,,,,,,,,,,,,* My Contacts ::: Centri Italiani,* Work,"paolo.de.fabritiis@uniroma2.it",Work,"+39-06-591-4745",Work Fax,": +39-06-591-5965",Work,"Sant Eugenio Hospital Divisionof Hematology P.ledell Umanesimo, 10 00144 Roma","Sant Eugenio Hospital Divisionof Hematology P.lede",,,,,,,Profile,"http://www2.clinicalresearch.nl/members/cic.asp?cic=756&team=2",team,"DeFabritiis, Paolo-Cupelli, Luca-Dentamaro, Teresa-Piccioni, Daniela-Tendas, Andrea"
"Rome Transplant Network Campus Biomedico Universit",,,,,,,,,,,,,,,,,,,,,,,,,,* My Contacts ::: Centri Italiani,* Work,"g.avvisati@unicampus.it",Work,"+39-06-22541-1075",Work Fax,"+39-06-22541-1029",Work,"Rome Transplant Network Campus Biomedico University Division of Hematology Via Alvarodel Portillo, 200 Roma","Rome Transplant Network Campus Biomedico Universit",,,,,,,Profile,"http://www2.clinicalresearch.nl/members/cic.asp?cic=756&team=4",team,"Avvisati, Giuseppe-Annibali, Ombretta-Tirindelli, MariaCristina"
"Regina Elena Cancer Institute Hematology- Clinical",,,,,,,,,,,,,,,,,,,,,,,,,,* My Contacts ::: Centri Italiani,* Work,"mcpetti@ifo.it",Work,"+390652665685",Work Fax,"+390652666949",Work,"Regina Elena Cancer Institute Hematology- Clinical Oncology Via Elio Chianesi, 53 00128 Roma","Regina Elena Cancer Institute Hematology- Clinical",,,,,,,Profile,"http://www2.clinicalresearch.nl/members/cic.asp?cic=756&team=5",team,"Petti, ConcettiMaria-Mengarelli, Andrea-Romano, Atelda"
"Università ¨La Sapienza¨ Il Facoltà di Medicina U.",,,,,,,,,,,,,,,,,,,,,,,,,,* My Contacts ::: Centri Italiani,* Work,"enri954@libero.it",Work,"+390680345939",Work Fax,"+390680345608",Work,"Università ¨La Sapienza¨ Il Facoltà di Medicina U. O. C Ematologia A. O. S. Andrea Via di Grottarossa 1035 00185 Roma","Università ¨La Sapienza¨ Il Facoltà di Medicina U.",,,,,,,Profile,"http://www2.clinicalresearch.nl/members/cic.asp?cic=756&team=6",team,"Monarca, Bruno-Montefusco, Enrico-Ferrari, Antonella-Grigore, Doinita-Sollazzo, Fabio-Conte, Esmeralda-Bianchi, MariaPaola-Piedimonte, Monica"
"Haematology Unit San Giovanni- Addolorata Hospital",,,,,,,,,,,,,,,,,,,,,,,,,,* My Contacts ::: Centri Italiani,* Work,"lannino@hsangiovanni.roma.it",Work,"+390677055482",Work Fax,"+390677055326",Work,"Haematology Unit San Giovanni- Addolorata Hospital Via Amba Aradam, 80 00184 Rome","Haematology Unit San Giovanni- Addolorata Hospital",,,,,,,Profile,"http://www2.clinicalresearch.nl/members/cic.asp?cic=756&team=7",team,"Annino, Luciana-Chierichini, Anna-AnticoliBorsa, Paola-Anaclerico, Barbara-Pilozzi, Vittoria-Magnetta, Lucio"
"IRRCS Ospedale Pediatrico Bambino Gesù Piazza S. O",,,,,,,,,,,,,,,,,,,,,,,,,,* My Contacts ::: Centri Italiani,* Work,"franco.locatelli@opbg.net",Work,"+390668592129",Work Fax,"+390668592292",Work,"IRRCS Ospedale Pediatrico Bambino Gesù Piazza S. Onofrio, 4 00165 Rome","IRRCS Ospedale Pediatrico Bambino Gesù Piazza S. O",,,,,,,Profile,"http://www2.clinicalresearch.nl/members/cic.asp?cic=796&team=1",team,"Locatelli, Franco-Bertaina, Alice-Bernardo, MariaEster-Milano, Giuseppe-Rutella, Sergio-Ciscato, Carlo-Pinto, RitaMaria"
"Medical School University of Salerno AOU San Giova",,,,,,,,,,,,,,,,,,,,,,,,,,* My Contacts ::: Centri Italiani,* Work,"cselleri@unisa.it",Work,"+39089673150",Work Fax,"+39089673157",Work,"Medical School University of Salerno AOU San Giovannidi Dio e Ruggi D´ Aragona Hospital Hematologyand Hematopoietic SCT Center Largo Cittàd´ Ippocrate 84131 Salerno","Medical School University of Salerno AOU San Giova",,,,,,,Profile,"http://www2.clinicalresearch.nl/members/cic.asp?cic=928&team=1",team,"Selleri, Carmine-Serio, Bianca-Pezzullo, Luca-Cuffa, Bianca-Tortora, Luana"
"IRCCS, Casa Sollievo della Sofferenza Unit of Hema",,,,,,,,,,,,,,,,,,,,,,,,,,* My Contacts ::: Centri Italiani,* Work,"ematologia@operapadrepio.it",Work,"39-0882-410-539/525",Work Fax,"39-0882-410-258",Work,"IRCCS, Casa Sollievo della Sofferenza Unit of Hematologyand Bone Marrow Transplantation Viale Capuccini 86 71013 (FG) San Giovanni Rotondo","IRCCS, Casa Sollievo della Sofferenza Unit of Hema",,,,,,,Profile,"http://www2.clinicalresearch.nl/members/cic.asp?cic=526&team=1",team,"Cascavilla, Nicola-Carella, AngeloMichele-Greco, MicheleMario-Savino, Lucia"
"Istituto Di Ematologia Università Di Sassari Viale",,,,,,,,,,,,,,,,,,,,,,,,,,* My Contacts ::: Centri Italiani,* Work,"podda@uniss.it",Work,"+39-079-228282",Work Fax,"+39-079-228282",Work,"Istituto Di Ematologia Università Di Sassari Viale San Pietro 12 07100 Sassari","Istituto Di Ematologia Università Di Sassari Viale",,,,,,,Profile,"http://www2.clinicalresearch.nl/members/cic.asp?cic=870&team=1",team,"Longinotti, Maurizio-Podda, Luidi-Nieddu, RosaMaria-Fozza, Claudio"
"U.O.S.A Centro Trapianti e Terapia Cellulare Azien",,,,,,,,,,,,,,,,,,,,,,,,,,* My Contacts ::: Centri Italiani,* Work,"g.marotta@ao-siena.toscana.it",Work,"39-0577-586743",Work Fax,"39-0577-586743",Work,"U.O.S.A Centro Trapianti e Terapia Cellulare Azienda Ospedaliera Universitaria Senese Policlinico S. Mariaalle Scotte Viale Bracci, 16 53100 Siena","U.O.S.A Centro Trapianti e Terapia Cellulare Azien",,,,,,,Profile,"http://www2.clinicalresearch.nl/members/cic.asp?cic=321&team=1",team,"Marotta, Giuseppe-Bucalossi, Alessandro-Lenoci, Mariapia-Tozzi, Monica-Borelli, Ciro"
"Ospedale Nord Institute of Haematology Strada Mart",,,,,,,,,,,,,,,,,,,,,,,,,,* My Contacts ::: Centri Italiani,* Work,"ematologia.taranto@tin.it",Work,"39-099-478-6765",Work Fax,"39-099-478-6765",Work,"Ospedale Nord Institute of Haematology Strada Martinafranca 74100 Taranto","Ospedale Nord Institute of Haematology Strada Mart",,,,,,,Profile,"http://www2.clinicalresearch.nl/members/cic.asp?cic=332&team=1",team,"Mazza, Patrizio-Giovanni, Pisapia-Palazzo, Giulia"
"S.S.C.V.D Trapiantodi Cellule Staminali Ospedale U",,,,,,,,,,,,,,,,,,,,,,,,,,* My Contacts ::: Centri Italiani,* Work,"faldam@yahoo.com",Work,"39-011-633-5359",Work Fax,"39-011-633-5759",Work,"S.S.C.V.D Trapiantodi Cellule Staminali Ospedale Universitaria San Giovanni Battista Corso Bramante 88 10126 Torino","S.S.C.V.D Trapiantodi Cellule Staminali Ospedale U",,,,,,,Profile,"http://www2.clinicalresearch.nl/members/cic.asp?cic=231&team=1",team,"Falda, Michele-Benedetto, Bruno-Busca, Alessandro-Giaccone, Luisa-Allione, Bernardino-DArdia, Stefano-Fiorillo, Lena-Manetta, Sara"
"Onco-Ematologia Pediatrica Centro Trapianti Cellul",,,,,,,,,,,,,,,,,,,,,,,,,,* My Contacts ::: Centri Italiani,* Work,"franca.fagioli@unito.it",Work,"+39-011-313-5360",Work Fax,"+39-011-313-5487",Work,"Onco-Ematologia Pediatrica Centro Trapianti Cellule Staminali Ospedale Infantile Regina Margherita Piazza Polonia 94 10126 Torino","Onco-Ematologia Pediatrica Centro Trapianti Cellul",,,,,,,Profile,"http://www2.clinicalresearch.nl/members/cic.asp?cic=305&team=1",team,"Fagioli, Franca-Vassallo, Elena-Berger, Massimo-Nesi, Francesca-Biasin, Eleonora-Quarello, Paola-Calcagnile, Ferdinando-Mammola, Serena"
"Cattedra di Oncologia Medica Istituto per la Ricer",,,,,,,,,,,,,,,,,,,,,,,,,,* My Contacts ::: Centri Italiani,* Work,"massimo.aglietta@ircc.it",Work,"+390119933628",Work Fax,"+390119933299",Work,"Cattedra di Oncologia Medica Istituto per la Ricercaela Cura del Cancro Strada Provinciale 142 10060 Candiolo Torino","Cattedra di Oncologia Medica Istituto per la Ricer",,,,,,,Profile,"http://www2.clinicalresearch.nl/members/cic.asp?cic=305&team=2",team,"Aglietta, Massimo-Sangiolo, Dario-Carnevale-Schianca, Fabrizio-Caravelli, Daniela-Gioeni, Luisa-Albanese, Angela"
"Università di Torino Ospedale San Luigi Orbassano ",,,,,,,,,,,,,,,,,,,,,,,,,,* My Contacts ::: Centri Italiani,* Work,"saglio@csi.it",Work,"+390119026545",Work Fax,"+390119038636",Work,"Università di Torino Ospedale San Luigi Orbassano Medicina Interna IISEZ5 A 10043 Orbassano Torino","Università di Torino Ospedale San Luigi Orbassano ",,,,,,,Profile,"http://www2.clinicalresearch.nl/members/cic.asp?cic=305&team=3",team,"Saglio, Giuseppe-Nicoli, Paolo-Caspanello, Salvatore-Cilloni, Daniela-DeGobbi, Marco-RegeCambrin, Giovanna-Zecchina, Gabriella"
"Azienda Ospedaliera Ordine Mauriziano- Umberto Ian",,,,,,,,,,,,,,,,,,,,,,,,,,* My Contacts ::: Centri Italiani,* Work,"corrado.tarella@unito.it",Work,"+39-011-508-2949",Work Fax,"+39-508-2446",Work,"Azienda Ospedaliera Ordine Mauriziano- Umberto Iand Università di Torino S. C. D. U Ematologia e Terapie Cellulari L.go Turati 62 10128 Torino","Azienda Ospedaliera Ordine Mauriziano- Umberto Ian",,,,,,,Profile,"http://www2.clinicalresearch.nl/members/cic.asp?cic=455&team=1",team,"Tarella, Corrado-DeCrescenzo, Alberto-Ruella, Marco-Rovera, Laura-Wade, Muhamed"
"Presidio Ospedaliero Treviso Unità Operativa di Em",,,,,,,,,,,,,,,,,,,,,,,,,,* My Contacts ::: Centri Italiani,* Work,"segematologiatv@ulss.tv.it",Work,"+390422322221",Work Fax,"+390422322542",Work,"Presidio Ospedaliero Treviso Unità Operativa di Ematologia Dipartimento di Medicina Piazza Ospedale, 1 31100 Treviso","Presidio Ospedaliero Treviso Unità Operativa di Em",,,,,,,Profile,"http://www2.clinicalresearch.nl/members/cic.asp?cic=415&team=1",team,"Ghelinzoni, Filippo-MariaStefani, Piero-Gottardi, Michele-Vincenzi, Susanna-DeGrandi, Eliana"
"Ospedale C. Panico Ematologia Via S. Pio X, 4 7303",,,,,,,,,,,,,,,,,,,,,,,,,,* My Contacts ::: Centri Italiani,* Work,"salentoematolgia@piafondazionepanico.it",Work,"39-083-354-772113",Work Fax,"39-083-354-3561",Work,"Ospedale C. Panico Ematologia Via S. Pio X, 4 73039 Tricase (Lecce)","Ospedale C. Panico Ematologia Via S. Pio X, 4 7303",,,,,,,Profile,"http://www2.clinicalresearch.nl/members/cic.asp?cic=652&team=1",team,"Pavone, Vincenzo-Rana, Antonio-Greco, Giuseppina"
"Istituto perl'infanzia IRCCS Burlo Garofolo Centro",,,,,,,,,,,,,,,,,,,,,,,,,,* My Contacts ::: Centri Italiani,* Work,"maximova@burlo.trieste.it",Work,"39-040-3785-276",Work Fax,"39-040-3785-494",Work,"Istituto perl'infanzia IRCCS Burlo Garofolo Centro Trapianti Clinica Pediatrica Via Dell Istria 65/134137 Trieste","Istituto perl'infanzia IRCCS Burlo Garofolo Centro",,,,,,,Profile,"http://www2.clinicalresearch.nl/members/cic.asp?cic=525&team=1",team,"Maximova,Natalia-Rabusin, Marco-Kiren, Valentina-Guerrato, Rosa"
"Azienda Ospedaliera Università di Udine Division o",,,,,,,,,,,,,,,,,,,,,,,,,,* My Contacts ::: Centri Italiani,* Work,"ematologia@uniud.it",Work,"39-0432-559-662/3/4",Work Fax,"39-0432-559-661",Work,"Azienda Ospedaliera Università di Udine Division of Hematology P.le S. Mariadella Misericordia 33100 Udine","Azienda Ospedaliera Università di Udine Division o",,,,,,,Profile,"http://www2.clinicalresearch.nl/members/cic.asp?cic=705&team=1",team,"Fanin, Renato-Cerno, Michela-Patriarca, Francesca-Sperotto, Alessandra-Nin, Cristina"
"Ospedale Civile SS. Giovannie Paolo - Dipartimento",,,,,,,,,,,,,,,,,,,,,,,,,,* My Contacts ::: Centri Italiani,* Work,"ocve.ematologia@ulss12.ve.it",Work,"39-041-52-94-218",Work Fax,"39-041-52-94-631",Work,"Ospedale Civile SS. Giovannie Paolo - Dipartimento di Ematologia e Oncologia - Castello 6698/b30123 Venezia","Ospedale Civile SS. Giovannie Paolo - Dipartimento",,,,,,,Profile,"http://www2.clinicalresearch.nl/members/cic.asp?cic=502&team=1",team,"Bassan, Renato-Vespignani, Michele-DeRossi, Rino-Sannicolò, Simona-Degrandi, Eliana-Maino, Elena"
"Verbania Hospital Oncologia Via Crocetta 28925 Ver",,,,,,,,,,,,,,,,,,,,,,,,,,* My Contacts ::: Centri Italiani,* Work,"oncovco@hotmail.com",Work,"39-0323-541226",Work Fax,"39-0323-541484",Work,"Verbania Hospital Oncologia Via Crocetta 28925 Verbania","Verbania Hospital Oncologia Via Crocetta 28925 Ver",,,,,,,Profile,"http://www2.clinicalresearch.nl/members/cic.asp?cic=385&team=1",team,"Luraschi, Annalisa-Fedeli, Paola-Cozzi, Sergio-Buscaglia, Paola-Montanara, Sergio-Savia, Franca-Piana, Carlo"
"S. Andrea - Dipartimento di Ematologia e Oncologia",,,,,,,,,,,,,,,,,,,,,,,,,,* My Contacts ::: Centri Italiani,* Work,"albemail@libero.it",Work,"+390161593491",Work Fax,"+390161593814",Work,"S. Andrea - Dipartimento di Ematologia e Oncologia - C.so Abbiate 21 13100 Vercelli","S. Andrea - Dipartimento di Ematologia e Oncologia",,,,,,,Profile,"http://www2.clinicalresearch.nl/members/cic.asp?cic=863&team=1",team,"Santagostino, Alberto-Ardizzone, Fabio-Patriarca, Andrea-Ferrari, Paola-Sciacca, Mariella"
"Policlinico G. B. Rossi Divisione di Ematologia, U",,,,,,,,,,,,,,,,,,,,,,,,,,* My Contacts ::: Centri Italiani,* Work,"fabio.benedetti@univr.it",Work,"+390458124647",Work Fax,"+390458124104",Work,"Policlinico G. B. Rossi Divisione di Ematologia, Unità di TMO Piazzale L. A. Scuro, 10 37134 Verona","Policlinico G. B. Rossi Divisione di Ematologia, U",,,,,,,Profile,"http://www2.clinicalresearch.nl/members/cic.asp?cic=623&team=1",team,"Benedetti, Fabio-Sorio, Marco-Pizzolo, Giovanni-Tecchio, Cristina-Andreini, Angelo-Vecchini, Maria-Mazzo, Francesca"
"Dipartimento di Ematologia e Oncologia pediatrica ",,,,,,,,,,,,,,,,,,,,,,,,,,* My Contacts ::: Centri Italiani,* Work,"simone.cesaro@ospedaleuniverona.it",Work,"+390458124668",Work Fax,"+390458124909",Work,"Dipartimento di Ematologia e Oncologia pediatrica Policlinico G. B. Rossi Piazzale L. A. Scuro, 10 37134 Verona","Dipartimento di Ematologia e Oncologia pediatrica ",,,,,,,Profile,"http://www2.clinicalresearch.nl/members/cic.asp?cic=623&team=2",team,"Cesaro, Simone-Bonetti, Elisa-Balter, Rita-Comerlati, Adriana-DeBortoli, Massimiliano"
"Dipertimento di Ematologia e Oncologia Policlinico",,,,,,,,,,,,,,,,,,,,,,,,,,* My Contacts ::: Centri Italiani,* Work,"simone.cesaro@ospedaleuniverona.it",Work,"+390458124668",Work Fax,"+39045812490",Work,"Dipertimento di Ematologia e Oncologia Policlinico G. B. Rossi Piazzale L. A. Scuro, 10 37134 Verona","Dipertimento di Ematologia e Oncologia Policlinico",,,,,,,Profile,"http://www2.clinicalresearch.nl/members/cic.asp?cic=8414&team=1",team,"Cesaro, Simone-Martino, Rodrigo-Hoek, Jennifer"
"Istituto Oncologico Del Mediterraneo Auto BMT Unit",,,,,,,,,,,,,,,,,,,,,,,,,,* My Contacts ::: Centri Italiani,* Work,"iom.ebmt@virgilio.it",Work,"+390957895000",Work Fax,"+390957901400",Work,"Istituto Oncologico Del Mediterraneo Auto BMT Unit Via Penninazzo 7 95028 Viagrande","Istituto Oncologico Del Mediterraneo Auto BMT Unit",,,,,,,Profile,"http://www2.clinicalresearch.nl/members/cic.asp?cic=880&team=1",team,"Moschetti, Gaetano-Schinocca, LucianaRita-Gorgone, AusiliaGiuseppa-Guliti, Giuseppa-Vitale, MariaPaola"
"S. Bortolo Hospital Dipartimento di Ematologia Via",,,,,,,,,,,,,,,,,,,,,,,,,,* My Contacts ::: Centri Italiani,* Work,"raimondi@hemato.ven.it",Work,"+39-0444-75-3607or3518",Work Fax,"+39-0444-75-3365",Work,"S. Bortolo Hospital Dipartimento di Ematologia Via Rodolfi 37 36100 Vicenza","S. Bortolo Hospital Dipartimento di Ematologia Via",,,,,,,Profile,"http://www2.clinicalresearch.nl/members/cic.asp?cic=797&team=1",team,"Rodeghiero, Francesco-Raimondi, Roberto-Miggiano, MariaCristina-Borghero, Carlo-Elice, Francesca-Dall´Olmo, Christian-Trentin, Michela"
"ASL Viterbo Polo Ospedaliero Centrale Haematology ",,,,,,,,,,,,,,,,,,,,,,,,,,* My Contacts ::: Centri Italiani,* Work,"emat.mon@asl.vt.it",Work,"+390761651240",Work Fax,"+390761651236",Work,"ASL Viterbo Polo Ospedaliero Centrale Haematology Department Viadell Ospedale, 17 Ronciglione 01037 Viterbo","ASL Viterbo Polo Ospedaliero Centrale Haematology ",,,,,,,Profile,"http://www2.clinicalresearch.nl/members/cic.asp?cic=210&team=1",team,"Montanaro, Marco-Tini, Vincenzo-DeGregoris, Cinzia-Paoletti, Simonetta-Mastini, Cristina"